{"count":1,"self":11.361892,"total":20.105515,"children":{"InitializeActuators":{"count":1,"self":0.0015409999999999998,"total":0.0015409999999999998,"children":null},"InitializeSensors":{"count":1,"self":0.001227,"total":0.001227,"children":null},"AgentSendState":{"count":1217,"self":0.012636999999999999,"total":0.044365999999999996,"children":{"CollectObservations":{"count":245,"self":0.006085,"total":0.006085,"children":null},"WriteActionMask":{"count":245,"self":0.00087999999999999992,"total":0.00087999999999999992,"children":null},"RequestDecision":{"count":245,"self":0.00347,"total":0.024763999999999998,"children":{"AgentInfo.ToProto":{"count":245,"self":0.0037089999999999996,"total":0.021294,"children":{"GenerateSensorData":{"count":245,"self":0.017585,"total":0.017585,"children":null}}}}}}},"DecideAction":{"count":1217,"self":8.6681008,"total":8.668101,"children":null},"AgentAct":{"count":1217,"self":0.026709999999999998,"total":0.026709999999999998,"children":null}},"gauges":{},"metadata":{"timer_format_version":"0.1.0","start_time_seconds":"1712749323","unity_version":"2020.3.16f1","command_line_arguments":"\/home\/ruan\/sandbox\/cca_workspace\/env_dlo\/env_3D.x86_64 --mlagents-port 5005","communication_protocol_version":"1.5.0","com.unity.ml-agents_version":"2.1.0-exp.1","scene_name":"rod_0_3D","end_time_seconds":"1712749343"}}