{"count":1,"self":2.624522,"total":6.5554619999999995,"children":{"InitializeActuators":{"count":1,"self":0.001418,"total":0.001418,"children":null},"InitializeSensors":{"count":1,"self":0.0011639999999999999,"total":0.0011639999999999999,"children":null},"AgentSendState":{"count":52,"self":0.0019019999999999998,"total":0.010327,"children":{"CollectObservations":{"count":12,"self":0.0015199999999999999,"total":0.0015199999999999999,"children":null},"WriteActionMask":{"count":12,"self":0.00019099999999999998,"total":0.00019099999999999998,"children":null},"RequestDecision":{"count":12,"self":0.0015099999999999998,"total":0.0067139999999999995,"children":{"AgentInfo.ToProto":{"count":12,"self":0.00087499999999999991,"total":0.0052039999999999994,"children":{"GenerateSensorData":{"count":12,"self":0.0043289999999999995,"total":0.0043289999999999995,"children":null}}}}}}},"DecideAction":{"count":52,"self":3.912582,"total":3.912582,"children":null},"AgentAct":{"count":52,"self":0.0036839999999999998,"total":0.0036839999999999998,"children":null}},"gauges":{},"metadata":{"timer_format_version":"0.1.0","start_time_seconds":"1688374683","unity_version":"2020.3.16f1","command_line_arguments":"\/home\/ruan\/Sandbox\/shape_control_DLO_2\/env_dlo\/env_2D.x86_64 --mlagents-port 5005","communication_protocol_version":"1.5.0","com.unity.ml-agents_version":"2.1.0-exp.1","scene_name":"rod_0_2D","end_time_seconds":"1688374690"}}